Smiles,Solvent,Absorption max (nm),Emission max (nm),Lifetime (ns),Quantum yield,log(e/mol-1 dm3 cm-1),abs FWHM (cm-1),emi FWHM (cm-1),abs FWHM (nm),emi FWHM (nm)
Cc1cc(c2c(c1)C(=O)c1cc(cc(c1C2=O)O)O)O,ClCCl,471.2565507012839,596.2855024851063,3.810467509410057,0.1154645543504858,3.3587757281021533,4562.277898104001,3696.4505876529897,108.21873811703144,101.9644964612076
